{"stan_1": 6.908367872238159, "stickbreaking_1": 13.385646104812622, "softmax_1": 10.548166036605835, "softmax-augmented_1": 11.712460994720459, "stan_2": 74.27374076843262, "stickbreaking_2": 159.01613807678223, "softmax_2": 61.82585310935974, "softmax-augmented_2": 33.75654697418213, "stan_4": 4.07175087928772, "stickbreaking_4": 5.66963005065918, "softmax_4": 5.33725380897522, "softmax-augmented_4": 6.328415870666504, "stan_7": 4.1226561069488525, "stickbreaking_7": 5.606042146682739, "softmax_7": 5.5631327629089355, "softmax-augmented_7": 6.375428199768066, "stan_5": 20.80525803565979, "stickbreaking_5": 51.44977402687073, "softmax_5": 25.94031000137329, "softmax-augmented_5": 27.15083408355713, "stan_8": 23.60049796104431, "stickbreaking_8": 48.83419394493103, "softmax_8": 30.74653697013855, "softmax-augmented_8": 29.09074831008911, "stan_3": 1108.4850807189941, "stickbreaking_3": 11773.38621211052, "softmax_3": 657.7910439968109, "softmax-augmented_3": 307.4633390903473, "stan_6": 306.94235920906067, "stickbreaking_6": 3023.241357088089, "softmax_6": 184.1255898475647, "softmax-augmented_6": 171.8243911266327, "stan_9": 205.62667202949524, "stickbreaking_9": 1866.8343958854675, "softmax_9": 150.75137901306152, "softmax-augmented_9": 161.10986399650574}